j-	example_jsons/20220823142419-30-dMRI_b0_AP-epse2d1_140.json
j-	example_jsons/20220823142419-31-dMRI_b0_AP-ep_b5#1.json
j	example_jsons/20220823142419-32-dMRI_dir98-1_PA-epse2d1_140.json
j	example_jsons/20220823142419-33-dMRI_dir98-1_PA-ep_b5#1.json
j-	example_jsons/20220823142419-34-dMRI_b0_AP-epse2d1_140.json
j-	example_jsons/20220823142419-35-dMRI_b0_AP-ep_b5#1.json
j	example_jsons/20220823142419-36-dMRI_dir99-1_PA-epse2d1_140.json
j	example_jsons/20220823142419-37-dMRI_dir99-1_PA-ep_b5#1.json
j-	example_jsons/20220830141815-33-dMRI_b0_AP-epse2d1_140.json
j-	example_jsons/20220830141815-34-dMRI_b0_AP-ep_b5#1.json
j	example_jsons/20220830141815-35-dMRI_dir98-1_PA-epse2d1_140.json
j	example_jsons/20220830141815-36-dMRI_dir98-1_PA-ep_b5#1.json
j-	example_jsons/20220830141815-37-dMRI_b0_AP-epse2d1_140.json
j-	example_jsons/20220830141815-38-dMRI_b0_AP-ep_b5#1.json
j	example_jsons/20220830141815-40-dMRI_dir99-1_PA-ep_b5#1.json
